"study","treat1","treat2","TE","seTE"
"Lieberman 1998","Placebo","Ropinirole",0.564892845116189,14142.1356247578
"Lieberman 1997","Placebo","Pramipexole",0.00579711768466191,14142.1356241409
"Guttman 1997","Placebo","Pramipexole",-0.0680534632542817,14142.1356246941
"Brunt 2002, Group A","Ropinirole","Bromocriptine",-0.575364144964326,14142.1356244982
"Brunt 2002, Group B","Ropinirole","Bromocriptine",-0.553385238277178,14142.1356249415
"Gershanik 1994b","Bromocriptine","Cabergoline",-0.0447836026303166,14142.1356242589
"Gershanik 1994a","Bromocriptine","Cabergoline",-0.0741079721587169,14142.1356242078
