"study","treat1","treat2","TE","seTE"
1,"1","3",0.564892845116189,14142.1356247578
2,"1","2",0.00579711768466191,14142.1356241409
3,"1","2",-0.0680534632542817,14142.1356246941
4,"3","4",-0.575364144964326,14142.1356244982
5,"3","4",-0.553385238277178,14142.1356249415
6,"4","5",-0.0447836026303166,14142.1356242589
7,"4","5",-0.0741079721587169,14142.1356242078
