"study","treat1","treat2","TE","seTE"
NA,"1","3",-0.31,0.66838387173839
NA,"1","2",-1.7,0.382214599407192
NA,"1","2",-2.3,0.717722091063108
NA,"1","4",-0.9,0.695348114256449
NA,"3","4",-0.35,0.442200180913577
NA,"3","4",0.55,0.554607068112191
NA,"4","5",-0.3,0.273695085816315
NA,"4","5",-0.3,0.320156211871642
